target,title,address,imgUrl,description,latitude,longitude,rating
coffee,UÔNG HOME COFFEE - TIỆM CAFE UÔNG GIÀ,Hẻm 71 Hoàng Hoa Thám Phường 10 Thành phố Đà Lạt Lâm Đồng Việt Nam,https://lh5.googleusercontent.com/p/AF1QipPr0tK08M6GMkLliFQENSDxKxSFkznlmf88r69A=w122-h92-k-no,,11.93511,108.464646,4.9
coffee,Maybe Blue Coffee,5 Đường Lê Hồng Phong Phường 4 Thành phố Đà Lạt Lâm Đồng Việt Nam,https://lh5.googleusercontent.com/p/AF1QipO4z2znaAX_4m2UM72z_slTG4YR5jbtg--BQEAo=w138-h92-k-no,,11.9341951,108.43153699999999,4.5
coffee,LA COFFEE & MILK TEA(cafe Điếu cày),BL 8 Yersin Phường 10 Thành phố Đà Lạt Lâm Đồng Việt Nam,https://lh5.googleusercontent.com/p/AF1QipOgpTsdWow62XJ3lcjGCgSJjTTVxU1rT9GiCeDf=w95-h92-k-no,,11.947130999999999,108.45493499999999,4.9
coffee,Q Coffee Roastery Dalat,305 Đ. Tô Ngọc Vân Phường 6 Thành phố Đà Lạt Lâm Đồng 670000 Việt Nam,https://lh5.googleusercontent.com/p/AF1QipNeGLuT7H6SSV43IwO0FmlVOGeoo_i0kSkH_Sjt=w80-h106-k-no,,11.9496912,108.4334726,4.9
coffee,Vuông Tròn Coffee & Tea,110 Đường Phù Đổng Thiên Vương Phường 8 Thành phố Đà Lạt Lâm Đồng Việt Nam,https://lh5.googleusercontent.com/p/AF1QipNVScLKVq62bgCIUAFaHGNUAAZIUWoWe5zNttai=w122-h92-k-no,,11.9619397,108.44306999999999,4.8
coffee,Là Việt Coffee,200 Nguyễn Công Trứ Phường 8 Thành phố Đà Lạt Lâm Đồng 66000 Việt Nam,https://lh5.googleusercontent.com/p/AF1QipNmUQSrwiEp9bPZTV4dHC0bavY4QbrUVPtj3Axy=w122-h92-k-no,,11.956792499999999,108.43509209999999,4.5
coffee,Goodmorning Đà Lạt Coffee,Đèo Prenn Phường 3 Thành phố Đà Lạt Lâm Đồng Việt Nam,https://lh5.googleusercontent.com/p/AF1QipPCkj-5RvR6w09PmJ6K8MfBAhoUJfxLPRf5h6re=w122-h92-k-no,,11.9105981,108.45246519999999,4.8
coffee,Phuc Long Coffee & Tea,28 Đ. Trần Phú Phường 3 Thành phố Đà Lạt Lâm Đồng Việt Nam,https://lh5.googleusercontent.com/p/AF1QipNcgvkB33oArWbeMmNOLai35nn1xUS-X5JuJQWt=w122-h92-k-no,,11.9361758,108.4327268,4.2
coffee,Chenh Coffee,WFPM+PC7 Unnamed Road Phường 11 Thành phố Đà Lạt Lâm Đồng Việt Nam,https://lh5.googleusercontent.com/p/AF1QipMcCrOPTKmM3niUBxixG_zxgILH_0FeNS7sfQA=w92-h92-k-no,,11.936798399999999,108.4835519,4.7
coffee,TONY'S COFFEE,Phường 2 Thành phố Đà Lạt Lâm Đồng Việt Nam,https://lh5.googleusercontent.com/p/AF1QipNFK3a-ts5cMHWCL9fXGZGv8DtpUFsD0AEMzUmF=w80-h106-k-no,,11.951813,108.4324444,4.8
coffee,Ninhie Coffee (Dalat Egg Coffee),5/47 Đường Thông Thiên Học Phường 2 Thành phố Đà Lạt Lâm Đồng 670000 Việt Nam,https://lh5.googleusercontent.com/p/AF1QipNJHcyAJtxJns09llkET2CwGQB4mhA0v6zWw_6X=w80-h106-k-no,,11.9516545,108.43669969999999,5
coffee,Gốm Coffee House,City 117 Hoàng Hoa Thám Street Thành phố Đà Lạt Lâm Đồng 670000 Việt Nam,https://lh5.googleusercontent.com/p/AF1QipPlXG4X7vESaNProDW1JuU_Ytu0Ypk6v4YG1LL4=w80-h106-k-no,,11.935642,108.46504979999999,5
coffee,Milano Coffee,12 Đ Phạm Ngũ Lão Phường 1 Thành phố Đà Lạt Lâm Đồng Việt Nam,https://lh5.googleusercontent.com/p/AF1QipONQ17Wy0lHwlZnOTRa31SXGt0NpCgz288ge9lF=w80-h106-k-no,,11.9379929,108.43581069999999,3.9
coffee,Coffee Trang Hai Bà Trưng Đà Lạt,34 Đường Hai Bà Trưng Phường 6 Thành phố Đà Lạt Lâm Đồng 671544 Việt Nam,https://lh5.googleusercontent.com/p/AF1QipMXcUcSvhulH83M5IwxvPWUlTdpqOInUiXgDMDm=w80-h106-k-no,,11.943085,108.4325346,4.8
coffee,Kan Coffee,50 Đường Triệu Việt Vương Phường 3 Thành phố Đà Lạt Lâm Đồng Việt Nam,https://lh5.googleusercontent.com/p/AF1QipNgtZ_v6iN-rpCGqbQQPaT_E5QAVeot0WYFF-lH=w122-h92-k-no,,11.927863799999999,108.4322546,4.3
coffee,TS COFFEE,27 Ngô Gia Tự Phường 12 Thành phố Đà Lạt Lâm Đồng Việt Nam,https://lh5.googleusercontent.com/p/AF1QipPqvmmPTJ4X-Fq_2IFA0vIWEqUaBZEF3aAA0zdH=w124-h92-k-no,,11.9691242,108.475414,4.2
coffee,The Green Coffee - Ba Trieu,33 Đường Bà Triệu Phường 3 Thành phố Đà Lạt Lâm Đồng Việt Nam,https://lh5.googleusercontent.com/p/AF1QipOqDJQNnuJ30mlzKEHYcMiKNduhsPw6Rxd5L3Em=w122-h92-k-no,,11.937301,108.4339634,4.4
coffee,Bad Day Coffee & Cake,40A Đường Trương Công Định Phường 1 Thành phố Đà Lạt Lâm Đồng 670000 Việt Nam,https://lh5.googleusercontent.com/p/AF1QipNfveE66iJ9oGR8sAjf55t9F5IJALtOfrzSNJFR=w80-h106-k-no,,11.9439233,108.43471,4.9
coffee,Quán Cà Phê F.Coffee,76-79KQH Nguyễn Công Trứ Phường 2 Thành phố Đà Lạt Lâm Đồng Việt Nam,https://lh5.googleusercontent.com/p/AF1QipORhiCJcpAzGpWmDlkxIQzYPJ7y6BWTknbCyLQr=w80-h106-k-no,,11.9545528,108.4326969,4.3
coffee,The Green Coffee - La Son Phu Tu,12B1 La Sơn Phu Tử Phường 2 Thành phố Đà Lạt Lâm Đồng Việt Nam,https://lh5.googleusercontent.com/p/AF1QipMOxmGrE_c34c3faVqq7aQEuWk2lEuKdIfYEzWr=w80-h106-k-no,,11.954122199999999,108.4312763,4.7
coffee,Kimochi coffee,4 Trần Quang Diệu Phường 10 Thành phố Đà Lạt Lâm Đồng 670000 Việt Nam,https://lh5.googleusercontent.com/p/AF1QipPe-d8rxaIs1p43hKgKYYux4E0m6KOw6PkdBB_P=w163-h92-k-no,,11.942878199999999,108.4676137,4.5
coffee,Tiệm cafe phía tây mặt trời - Specialty coffee Da Lat,12_6 Lê Văn Tám Phường 10 Thành phố Đà Lạt Lâm Đồng Việt Nam,https://lh5.googleusercontent.com/p/AF1QipO0ZE6oPmzyJisHIjlsPyP0UctR0PS1LDSt507D=w80-h142-k-no,,11.937173099999999,108.4544329,4.6
coffee,coffee kem Bơ,162 Đường Bùi Thị Xuân Phường 2 Thành phố Đà Lạt Lâm Đồng Việt Nam,https://lh5.googleusercontent.com/p/AF1QipNdpP8duSfgUg1Cm14ppiW_kyxQMysVaYnRMdHX=w163-h92-k-no,,11.949067999999999,108.4391375,
coffee,Proust Coffee - Specialty Coffee & Teapresso,83 Đường An Dương Vương Phường 2 Thành phố Đà Lạt Lâm Đồng 670000 Việt Nam,https://lh5.googleusercontent.com/p/AF1QipOm9SSqHQ8Z-u_tWs-0p5DVE-4xMTId-MeZrFOj=w137-h92-k-no,,11.954587799999999,108.435695,5
coffee,NHIÊN - Coffee & Bakery,Lô Biệt Lập 34 Khu Quy Hoạch Yersin Phường 9 Thành phố Đà Lạt Lâm Đồng 670000 Việt Nam,https://lh5.googleusercontent.com/p/AF1QipPFCJcR1XpV5UQJ7TfuJWwjjHcN_h74or4T9JFb=w144-h92-k-no,,11.9453632,108.45420539999999,4.6
coffee,Bittersweet Coffee,5 Nguyễn Văn Trỗi Phường 1 Thành phố Đà Lạt Lâm Đồng Việt Nam,https://lh5.googleusercontent.com/p/AF1QipO1ODwMSJk33PA7q6durxBSukj4KXSRP9v-DEFf=w122-h92-k-no,,11.944355999999999,108.4359109,4.7
coffee,Kết Nối 2 coffee,211 Đường Hai Bà Trưng Phường 2 Thành phố Đà Lạt Lâm Đồng Việt Nam,https://lh5.googleusercontent.com/p/AF1QipORmuy8W6EyUWlzBBLpVIL8JDqdlacnAQ6qJzvt=w80-h142-k-no,,11.9482795,108.4334056,4
coffee,Horizon Coffee,31/6 Đường 3/4 Phường 3 Thành phố Đà Lạt Lâm Đồng Việt Nam,https://lh5.googleusercontent.com/p/AF1QipN5HTMC2sGYZxV-aqqjVu9Tm3mSUfg6UEmdRUEn=w163-h92-k-no,,11.9238295,108.4484473,4.2
coffee,Industry Coffee,201 Đ. Bùi Thị Xuân Phường 2 Thành phố Đà Lạt Lâm Đồng Việt Nam,https://lh5.googleusercontent.com/p/AF1QipMAUMnrgZ0YwUCK171HSOKpI1h2dIWb0FoDFzpy=w122-h92-k-no,,11.9523209,108.4393267,5
coffee,The B Coffee and Specialties,41C Đường Trần Khánh Dư Phường 8 Thành phố Đà Lạt Lâm Đồng Việt Nam,https://lh5.googleusercontent.com/p/AF1QipPXYia0kioUNbTi8psFTpQK1SRcpIor06u4YQTJ=w80-h106-k-no,,11.9630605,108.44209049999999,4.8
coffee,Cà Phê Amelie,18/3 Lê Văn Tám Phường 10 Thành phố Đà Lạt Lâm Đồng 670000 Việt Nam,https://lh5.googleusercontent.com/p/AF1QipNOrZVEvQN1RMEphUhSLfnp6dvVp0NnkzjldWN0=w80-h171-k-no,,11.937337999999999,108.4553797,5
coffee,ToNgo Coffee,1 Hoàng Hoa Thám Phường 10 Thành phố Đà Lạt Lâm Đồng Việt Nam,https://lh5.googleusercontent.com/p/AF1QipNyebePGZTx1Kjp2ZwEF0li_U_6U7Iy_9vdgR1I=w80-h106-k-no,,11.9386118,108.4625705,4.9
coffee,The F coffee,16 Đường Trương Công Định Phường 1 Thành phố Đà Lạt Lâm Đồng 670000 Việt Nam,https://lh5.googleusercontent.com/p/AF1QipN7P1oTVItzziqzm0powX7dy8nIE2cmAAJJnULq=w80-h106-k-no,,11.9435556,108.4352608,4.1
coffee,Zalo Coffee,242 Phan Đình Phùng Phường 2 Thành phố Đà Lạt Lâm Đồng Việt Nam,https://lh5.googleusercontent.com/p/AF1QipP5mCdMdzhFH7FqbrssWrVCzBUtsLRo7d41afNS=w122-h92-k-no,,11.9494989,108.43515149999999,4.2
coffee,The Sun Coffee,01 Bis Đường Nhà Chung Phường 3 Thành phố Đà Lạt Lâm Đồng Việt Nam,https://lh5.googleusercontent.com/p/AF1QipPqd5EdlYKcdPuOA8OV0zwS2LlExSfHPlzaOEVC=w80-h106-k-no,,11.936484,108.43860529999999,4.2
coffee,Tiệm Cà Phê Trứng Cô Ba - nhà Táo,105 Đường Hai Bà Trưng Phường 6 Thành phố Đà Lạt Lâm Đồng 670000 Việt Nam,https://lh5.googleusercontent.com/p/AF1QipM_YH36_HZ2bubGw9Pe2TDZFNB3WKHDAqWI2WCt=w130-h92-k-no,,11.945029199999999,108.43307229999999,4.4
coffee,Still cafe,59 Nguyễn Trãi Phường 9 Thành phố Đà Lạt Lâm Đồng 66111 Việt Nam,https://lh5.googleusercontent.com/p/AF1QipPwcIcNI6edl-uYGJ9ZQnkt9G4BcHkq3uzXEgNS=w92-h92-k-no,,11.9443445,108.4543587,4.5
coffee,The Green Coffee,144 Xô Viết Nghệ Tĩnh Phường 7 Thành phố Đà Lạt Lâm Đồng Việt Nam,https://lh5.googleusercontent.com/p/AF1QipNiZTgn2wvhYz8Dy3XTbrHeHrafV8mMniqhvv6T=w163-h92-k-no,,11.9622627,108.43362239999999,4.5
coffee,Coffee SoDamilk tea,Hẻm 66 Nguyễn Công Trứ Phường 2 Thành phố Đà Lạt Lâm Đồng Việt Nam,,,11.9543267,108.44000369999999,
coffee,Đi Coffee House,Đối diện 64 Đ. Nam Hồ Phường 11 Thành phố Đà Lạt Lâm Đồng Việt Nam,https://lh5.googleusercontent.com/p/AF1QipMRif2t626JngbEDasBMVI2HSpcVlwt_69iypUQ=w138-h92-k-no,,11.9498649,108.478771,4.6
coffee,One Coffee,227 Phan Đình Phùng Phường 2 Thành phố Đà Lạt Lâm Đồng Việt Nam,https://lh5.googleusercontent.com/p/AF1QipOpnhjqg_yoTWq5TKGTYP5-_OHyKGcqnrwef_l2=w92-h92-k-no,,11.9476292,108.4357615,5
coffee,COFFEE BEAN SAIGON,99 Phan Bội Châu Phường 1 Thành phố Đà Lạt Lâm Đồng Việt Nam,,,11.9438338,108.43866849999999,
coffee,Woodstock coffee - Đà Lạt,80 Đường Bùi Thị Xuân Phường 2 Thành phố Đà Lạt Lâm Đồng Việt Nam,https://lh5.googleusercontent.com/p/AF1QipMp9Lp8c1lDsN0Eq8tR3WrZhrW44B94y7Pm6n7C=w138-h92-k-no,,11.946639,108.4406813,4.4
coffee,Cà Phê 139 (139 Coffee),XC6V+X4J Đường Trần Khánh Dư Phường 8 Thành phố Đà Lạt Lâm Đồng Việt Nam,https://lh5.googleusercontent.com/p/AF1QipPTZbOoYzvxrVQBBLqw3106siSmu95zj6Cg-6wm=w163-h92-k-no,,11.962466,108.44276149999999,4.3
coffee,Xuân Sơn Coffee,67 Đường Mê Linh Phường 9 Thành phố Đà Lạt Lâm Đồng Việt Nam,https://lh5.googleusercontent.com/p/AF1QipM0tx5k3bEBrfXAq33or5zLazt6wjS94Bgso2RF=w80-h106-k-no,,11.9611471,108.471283,3.9
coffee,The Dome Coffee & Tea,118 Nguyễn Công Trứ Phường 8 Thành phố Đà Lạt Lâm Đồng 670000 Việt Nam,https://lh5.googleusercontent.com/p/AF1QipN0SAAVD3-aoVOnBL3aeNSrQ-SHqq98prlsKB9N=w80-h106-k-no,,11.956531199999999,108.4393279,4.8
coffee,Coffee Nắng lạnh,03bis Trần Hưng Đạo Phường 3 Thành phố Đà Lạt Lâm Đồng Việt Nam,https://lh5.googleusercontent.com/p/AF1QipN3jLzQR2yr-HlzySw-terNusIYV_Voj4Eja1AX=w80-h142-k-no,,11.9369775,108.4435444,4.6
coffee,Ty Coffee,Hẻm 38 Đ. Trần Phú Phường 4 Thành phố Đà Lạt Lâm Đồng Việt Nam,https://lh5.googleusercontent.com/p/AF1QipO-X5b8fp6xYVnvochzyFChItMmYY-k5c3J9TAH=w80-h142-k-no,,11.936610199999999,108.4324305,4.4
coffee,Havana Coffee & Cakes,Hẻm 202 Phan Đình Phùng Phường 2 Thành phố Đà Lạt Lâm Đồng Việt Nam,https://lh5.googleusercontent.com/p/AF1QipP9b46fgc1xFl1EtghfbVgTPDdVjAF523r-KswJ=w122-h92-k-no,,11.9490176,108.43722149999999,4.3
coffee,Milano Coffee House,158 Nguyễn Công Trứ Phường 8 Thành phố Đà Lạt Lâm Đồng Việt Nam,https://lh5.googleusercontent.com/p/AF1QipMPKyQv7fXgwy8L1AtayJpWii3OvRy1CDde5SpA=w80-h106-k-no,,11.9565979,108.4377727,4
coffee,Ixora Tea Coffee,Phường 3 Tp. Đà Lạt Lâm Đồng Việt Nam,https://lh5.googleusercontent.com/p/AF1QipMTUFy_zgfwGihebvfYDkG8IsdCinChyvv-d5dO=w80-h107-k-no,,11.928969799999999,108.44823389999999,5
coffee,Nhà Lồng Coffee,6A Trần Hưng Đạo Phường 3 Thành phố Đà Lạt Lâm Đồng 670000 Việt Nam,https://lh5.googleusercontent.com/p/AF1QipNCqLwEAL72bNK2e7m2fxGPwAkk-_ApPGDnbsUz=w122-h92-k-no,,11.9363459,108.44421829999999,4.7
coffee,Beba The Coffee Van,Bãi đậu xe ven hồ Đ. Trần Quốc Toản Xuân Hương Thành phố Đà Lạt Lâm Đồng 670000 Việt Nam,https://lh5.googleusercontent.com/p/AF1QipNaRGFa8UpzUlET5wtq2gP0vUm5GTet5s3_VxzH=w80-h106-k-no,,11.943086,108.4461922,4.8
coffee,GoAllDay Coffee,Đ. Nguyễn Chí Thanh Phường 1 Thành phố Đà Lạt Lâm Đồng Việt Nam,https://lh5.googleusercontent.com/p/AF1QipM_t4vnaeQ87T3Zvy5s3RSleq-wzlRk9YOzULNI=w122-h92-k-no,,11.942432199999999,108.4360092,
coffee,Khói Coffee,130 Lý Nam Đế Phường 8 Thành phố Đà Lạt Lâm Đồng Việt Nam,https://lh5.googleusercontent.com/p/AF1QipOLr8XkS_3WT8iFlonwcldVPZt7z1AvTIELJryX=w80-h100-k-no,,11.9637392,108.4424272,
coffee,Windmills Coffee,133 Phan Đình Phùng Phường 2 Tp. Đà Lạt Lâm Đồng Việt Nam,https://lh5.googleusercontent.com/p/AF1QipNCxMZ5fSVFsh-UiaIZyH_XOIH52ZczWNB62JrI=w80-h106-k-no,,11.9449475,108.4345645,4.4
coffee,Coffee,232 Đ. Bùi Thị Xuân Phường 2 Thành phố Đà Lạt Lâm Đồng Việt Nam,,,11.9521006,108.4394416,
coffee,cloud9 coffee đà lạt,28 Ba Tháng Hai Phường 1 Thành phố Đà Lạt Lâm Đồng Việt Nam,,,11.9428711,108.43501979999999,
coffee,Caliente Coffee,14 Đường Phù Đổng Thiên Vương Phường 8 Thành phố Đà Lạt Lâm Đồng Việt Nam,https://lh5.googleusercontent.com/p/AF1QipNJ_Jts4H_sxvAiP1nB1Ryhh9-VC1DgNVLEdiQ3=w80-h106-k-no,,11.9561225,108.4417321,5
coffee,MAP Coffee,D10 Đường Bà Triệu Phường 4 Thành phố Đà Lạt Lâm Đồng Việt Nam,https://lh5.googleusercontent.com/p/AF1QipNOazXhB6eNV3JaxWfdLWjpcuJjOSP9l5_GMpl8=w135-h92-k-no,,11.9377999,108.43273669999999,4.6
coffee,GoAllDay Coffee,Đ. Nguyễn Chí Thanh Phường 1 Thành phố Đà Lạt Lâm Đồng Việt Nam,https://lh5.googleusercontent.com/p/AF1QipM_t4vnaeQ87T3Zvy5s3RSleq-wzlRk9YOzULNI=w122-h92-k-no,,11.942432199999999,108.4360092,
coffee,Khói Coffee,130 Lý Nam Đế Phường 8 Thành phố Đà Lạt Lâm Đồng Việt Nam,https://lh5.googleusercontent.com/p/AF1QipOLr8XkS_3WT8iFlonwcldVPZt7z1AvTIELJryX=w80-h100-k-no,,11.9637392,108.4424272,
coffee,Windmills Coffee,133 Phan Đình Phùng Phường 2 Tp. Đà Lạt Lâm Đồng Việt Nam,https://lh5.googleusercontent.com/p/AF1QipNCxMZ5fSVFsh-UiaIZyH_XOIH52ZczWNB62JrI=w80-h106-k-no,,11.9449475,108.4345645,4.4
coffee,Coffee,232 Đ. Bùi Thị Xuân Phường 2 Thành phố Đà Lạt Lâm Đồng Việt Nam,,,11.9521006,108.4394416,
coffee,cloud9 coffee đà lạt,28 Ba Tháng Hai Phường 1 Thành phố Đà Lạt Lâm Đồng Việt Nam,,,11.9428711,108.43501979999999,
coffee,Caliente Coffee,14 Đường Phù Đổng Thiên Vương Phường 8 Thành phố Đà Lạt Lâm Đồng Việt Nam,https://lh5.googleusercontent.com/p/AF1QipNJ_Jts4H_sxvAiP1nB1Ryhh9-VC1DgNVLEdiQ3=w80-h106-k-no,,11.9561225,108.4417321,5
coffee,MAP Coffee,D10 Đường Bà Triệu Phường 4 Thành phố Đà Lạt Lâm Đồng Việt Nam,https://lh5.googleusercontent.com/p/AF1QipNOazXhB6eNV3JaxWfdLWjpcuJjOSP9l5_GMpl8=w135-h92-k-no,,11.9377999,108.43273669999999,4.6
coffee,Cafe An - an coffee,272 Đường Hai Bà Trưng Phường 6 Thành phố Đà Lạt Lâm Đồng 670000 Việt Nam,https://lh5.googleusercontent.com/p/AF1QipO4Vqdu8haoB84wmz-4McOUorqGDk8MdLLV7OlC=w80-h94-k-no,,11.9500426,108.43258619999999,4.4
coffee,Coffee 679,192 Nguyễn Công Trứ Phường 8 Thành phố Đà Lạt Lâm Đồng Việt Nam,https://lh5.googleusercontent.com/p/AF1QipMbVjvXZNWu_sjHPSbxh59dpjSVQ6iOA2ni35kW=w162-h92-k-no,,11.957092099999999,108.43564719999999,5
coffee,V Coffee,Lô H65 Khu quy hoạch Nguyễn Thị Nghĩa Phường 2 Thành phố Đà Lạt Lâm Đồng Việt Nam,https://lh5.googleusercontent.com/p/AF1QipPtUQCoZ6ypA0qEEsYUvVmkID2yvoYdP8ocuwpE=w122-h92-k-no,,11.948613499999999,108.4404371,5
coffee,The Married Beans - Coffee Concept,6 Nguyễn Văn Trỗi Phường 1 Thành phố Đà Lạt Lâm Đồng Việt Nam,https://lh5.googleusercontent.com/p/AF1QipPuqppW_2b88Ww0ekTSu61MBSOdDAxgGqYbx7on=w80-h106-k-no,,11.944873,108.43581069999999,4.5
coffee,Home Coffee,4 Cô Giang Phường 9 Thành phố Đà Lạt Lâm Đồng Việt Nam,https://lh5.googleusercontent.com/p/AF1QipP7iyR3hEEkNncOOBx49mZNjwS8j7i0METnWlqg=w80-h142-k-no,,11.948209199999999,108.4570981,3.9
coffee,The Green Coffee - Nguyên Tử Lực,129 Đường Nguyên Tử Lực Phường 8 Thành phố Đà Lạt Lâm Đồng Việt Nam,https://lh5.googleusercontent.com/p/AF1QipNxyYni9t-FGlfYjlhn-bZk2ReuM-TjVAolM6QE=w80-h106-k-no,,11.9671866,108.4528362,3.8
coffee,The Bean Coffee,3E Hoàng Hoa Thám Phường 10 Thành phố Đà Lạt Lâm Đồng Việt Nam,https://lh5.googleusercontent.com/p/AF1QipN-bbpfNhbEurZ3A3IIxa56vNQAmJ2fpODsfNqL=w80-h106-k-no,Chuỗi quán cà phê nổi tiếng với món đá xay. Chuỗi quán cà phê phục vụ nhiều loại đồ uống trong đó có các món đá xay đặc trưng.,11.937960499999999,108.4642655,4.8
coffee,Sunset Horizon Coffee,Phường 11 Thành phố Đà Lạt Lâm Đồng Việt Nam,https://lh5.googleusercontent.com/p/AF1QipPuWCYV3aiapu3gsVRkuSroZvuBAU2W4ngINqw=w122-h92-k-no,,11.9378274,108.48399049999999,4.8
coffee,Coffee Vườn Nhà,Hẻm 31 Phường 3 Thành phố Đà Lạt Lâm Đồng 66000 Việt Nam,https://lh5.googleusercontent.com/p/AF1QipNZOtB4-tYaVFZc3ruiSiUre1UJ8JE5WMcmTKY=w80-h106-k-no,,11.9192781,108.45018759999999,5
coffee,Mến Coffee,27 Yersin Phường 10 Thành phố Đà Lạt Lâm Đồng 66000 Việt Nam,https://lh5.googleusercontent.com/p/AF1QipOxRrF41W8a0s8TsHMSvWIUqQfroCWflYiKk0U6=w92-h92-k-no,,11.943600199999999,108.4515325,4.5
coffee,Capulus Coffee and Bakery,90 Đ. Tô Ngọc Vân Phường 1 Thành phố Đà Lạt Lâm Đồng Việt Nam,https://lh5.googleusercontent.com/p/AF1QipPpjc7EbZ_FXKSaM8zv-G6Wv6NRizLIsCeua_lt=w122-h92-k-no,,11.9431813,108.4330409,5
coffee,Bùi Văn Ngọ Coffee,31 3 Tháng 4 Phường 3 Thành phố Đà Lạt Lâm Đồng Việt Nam,https://lh5.googleusercontent.com/p/AF1QipMYEc_wwvU3j39fOy99fvp4N2ixyuFNETJq-ZKQ=w80-h106-k-no,,11.9247979,108.44691759999999,4.2
coffee,Khôi Coffee,66 Đ. Nguyễn Đình Chiểu Phường 9 Thành phố Đà Lạt Lâm Đồng 670000 Việt Nam,https://lh5.googleusercontent.com/p/AF1QipPd6jwye_WAF5cAZxQ6C24s7wNlASGX0P2BDu08=w122-h92-k-no,,11.9505737,108.46138119999999,5
coffee,Le J' cafe,Hẻm 51 Yersin P.10 Thành phố Đà Lạt Lâm Đồng 670000 Việt Nam,https://lh5.googleusercontent.com/p/AF1QipMCYSfugVOrUToAGVciNGK4i0fWcGnIea9ug5Yo=w80-h106-k-no,,11.9422561,108.45164869999999,4.8
coffee,Tuấn Coffee Shop,143 Đường Hai Bà Trưng Phường 6 Thành phố Đà Lạt Lâm Đồng Việt Nam,https://lh5.googleusercontent.com/p/AF1QipObJut9MtNHN_jTlC4fgubj2m6r_6zWfqz2bRgl=w122-h92-k-no,,11.9459805,108.43337419999999,4.7
coffee,Via Ny Coffee And Tea House,154 Phan Đình Phùng Phường 2 Thành phố Đà Lạt Lâm Đồng Việt Nam,,,11.947365,108.4359444,
coffee,Roly Poly - Coffee & BBQ,18/2 Đường Khởi Nghĩa Bắc Sơn Phường 10 Thành phố Đà Lạt Lâm Đồng 66000 Việt Nam,https://lh5.googleusercontent.com/p/AF1QipO102uraBDgIpp5hRDAssPIabIC2P0X7gNKoc83=w80-h106-k-no,,11.934650699999999,108.4506966,4.6
coffee,Windmills coffee Bùi Thị xuân,185a Đường Bùi Thị Xuân Phường 2 Thành phố Đà Lạt Lâm Đồng Việt Nam,https://lh5.googleusercontent.com/p/AF1QipNxbAEihLvKmQ4xwJWjdMFGMKpDSO3Cy3xgRBnT=w163-h92-k-no,,11.9493622,108.4386511,4.6
coffee,Calm coffee,4 Đường Triệu Việt Vương Phường 4 Thành phố Đà Lạt Lâm Đồng Việt Nam,https://lh5.googleusercontent.com/p/AF1QipPWmILDzT_GbIv_61cIqN6YHmfllw2uaMXYqq_e=w122-h92-k-no,,11.9309558,108.4314651,5
coffee,HẺM coffee,14 Đường Mai Hoa Thôn Phường 2 Thành phố Đà Lạt Lâm Đồng Việt Nam,https://lh5.googleusercontent.com/p/AF1QipO8gYSd-0WPgIiYesxh3PlLqptIaP4C-ePlVmiJ=w138-h92-k-no,,11.950619399999999,108.4361526,5
coffee,Green Box Coffee,85 Xô Viết Nghệ Tĩnh Phường 7 Thành phố Đà Lạt Lâm Đồng Việt Nam,https://lh5.googleusercontent.com/p/AF1QipMblefS5RebXxO5NhSkjacxp2dDWNAC91pR5CBK=w80-h106-k-no,,11.9640313,108.43114109999999,4.5
coffee,Milano coffee,201 Đường Phù Đổng Thiên Vương Phường 8 Thành phố Đà Lạt Lâm Đồng Việt Nam,https://lh5.googleusercontent.com/p/AF1QipOFK-Swx71tU-XvXyjOizWlOgklsv9MBmOO-s8Y=w80-h106-k-no,,11.968653699999999,108.4455749,3.9
coffee,Mộc Anh Châu coffee garden,48 Đường Võ Trường Toản Phường 8 Thành phố Đà Lạt Lâm Đồng Việt Nam,https://lh5.googleusercontent.com/p/AF1QipNtwfyEvjgHHf6-k2IyNMaPrhjHvWvYCT9Xk4Gn=w122-h92-k-no,,11.959488,108.44752849999999,4.6
coffee,Grit Coffee,73 Phan Đình Phùng Phường 1 Thành phố Đà Lạt Lâm Đồng 10000 Việt Nam,https://lh5.googleusercontent.com/p/AF1QipNT3c40VaRccUfvMHvTJCdXoS2TJOfPvdFjEpzg=w80-h142-k-no,,11.943407599999999,108.4338612,5
coffee,Vườn Sen (Succulents & Coffee),73 Đường Cao Bá Quát Phường 7 Thành phố Đà Lạt Lâm Đồng Việt Nam,https://lh5.googleusercontent.com/p/AF1QipPVcpdURZLs690QkVJEsTJ8n-qiMmiCaTszQ0yz=w80-h106-k-no,,11.962434799999999,108.43195759999999,4.7
coffee,Cattleya Coffee,9 Tương Phố Phường 9 Thành phố Đà Lạt Lâm Đồng 670000 Việt Nam,https://lh5.googleusercontent.com/p/AF1QipM6DI1FZt9TCnxIiN5GbCpeDHwREme52HAMFNYZ=w80-h106-k-no,,11.9470013,108.46178239999999,3.9
coffee,26 Coffee,26 Nguyễn Văn Trỗi Phường 2 Thành phố Đà Lạt Lâm Đồng Việt Nam,https://lh5.googleusercontent.com/p/AF1QipOzpdujLzl6qDYdJmq-2K7vzfHLGx5Ax9qfLdgW=w80-h106-k-no,,11.9453546,108.4356413,5
coffee,Sắc Màu Coffee,Phường 12 Tp. Đà Lạt Lâm Đồng Việt Nam,https://lh5.googleusercontent.com/p/AF1QipOUAVDvihEN1-fsFNVi6plHuBog2hWm-0_3BCM9=w122-h92-k-no,,11.9675412,108.4752954,4
coffee,N8 coffee,23 Đ. Đ��o Duy Từ Phường 3 Thành phố Đà Lạt Lâm Đồng Việt Nam,https://lh5.googleusercontent.com/p/AF1QipM8wDPmIqAKf44TunM3XLzi7qqHoxaJ6Z8X_8na=w80-h142-k-no,,11.9349555,108.4339292,5
coffee,Truc coffee,70 Nguyễn Công Trứ Phường 2 Thành phố Đà Lạt Lâm Đồng Việt Nam,,,11.9546865,108.4329018,
coffee,Highlands Coffee,1 Đường Hai Bà Trưng Phường 6 Thành phố Đà Lạt Lâm Đồng 670000 Việt Nam,https://lh5.googleusercontent.com/p/AF1QipMzWS5pUlVhLWXl-6MXbdaWNPDIea_nzJIxIw_B=w122-h92-k-no,,11.942618099999999,108.4312046,4.1
coffee,De-Su Coffee Shop,109 Hẻm Bùi Thị Xuân Phường 2 Thành phố Đà Lạt Lâm Đồng Việt Nam,https://lh5.googleusercontent.com/p/AF1QipPYg_GBqJL2x7cx6mNXQP5WPlz5KEAEPuR7-P3Q=w92-h92-k-no,,11.9466939,108.44037189999999,4.1
coffee,365 COFFEE,1 Đ. Trần Phú Phường 3 Thành phố Đà Lạt Lâm Đồng Việt Nam,,,11.9364824,108.44070549999999,
restaurants,Artist Alley restaurant,124 Phan Đình Phùng Phường 2 Thành phố Đà Lạt Lâm Đồng Việt Nam,https://lh5.googleusercontent.com/p/AF1QipP8Gt7N3I8qBSSrIh2PoL1blicRUH-dDgplvIkv=w122-h92-k-no,,11.946594,108.43533219999999,4.4
restaurants,Billy House Restaurant,32 Nguyễn Công Trứ Phường 8 Thành phố Đà Lạt Lâm Đồng Việt Nam,,,11.9551061,108.4413695,
restaurants,Phuong Hoang Restaurant (Nhà Hàng Phượng Hoàng),Phường 2 Tp. Đà Lạt Lâm Đồng Việt Nam,,,11.950419,108.4341584,
restaurants,Nhà hàng Em Tên Gì,180 Nguyễn Công Trứ Phường 8 Thành phố Đà Lạt Lâm Đồng 670000 Việt Nam,https://lh5.googleusercontent.com/p/AF1QipOeqSdtomiFVKq-96sDt3f0SpIlxUD1iEGnm3DU=w80-h106-k-no,,11.957220699999999,108.436658,4.6
restaurants,Hẻm 31 Sào Nam Phường 11 Thành phố Đà Lạt Lâm Đồng,City Alley 31 Sào Nam Phường 11 Ward 11 Lâm Đồng 66118 Việt Nam,https://lh5.googleusercontent.com/p/AF1QipNKjSQbCmJzQnmuSCwILD2iNXwWls31OeQ9v0SU=w122-h92-k-no,,11.9412275,108.4838511,4.4
restaurants,Hill Hill Dalat Stay Restaurant & Coffee,132 Hoàng Hoa Thám Phường 10 Thành phố Đà Lạt Lâm Đồng Việt Nam,https://lh5.googleusercontent.com/p/AF1QipNerrpjL8yB8Kjec5OA8kImLe_sQHhmSxQq2gMs=w122-h92-k-no,,11.9291228,108.46456889999999,4.5
restaurants,V Cafe,17 Đường Bùi Thị Xuân Phường 2 Thành ph��� Đà Lạt Lâm Đồng 670000 Việt Nam,https://lh5.googleusercontent.com/p/AF1QipPiO7fBtQ6C9-YKw0D-rSHPVszJuhfWQ2JfhgWy=w138-h92-k-no,,11.944297299999999,108.43984669999999,4.1
restaurants,Le Alpi - Da Lat,87 Đường An Dương Vương Phường 2 Thành phố Đà Lạt Lâm Đồng 671656 Việt Nam,https://lh5.googleusercontent.com/p/AF1QipPk6xJ07IuQkaQEUlkclGMHZPhKupCHH943MI0=w80-h142-k-no,,11.9547381,108.43563429999999,4.8
restaurants,Camellia Dalat Restaurant,B2-4 Golf Valley Ward 2 Lâm Đồng 670000 Việt Nam,https://lh5.googleusercontent.com/p/AF1QipMM3hyT4pUvB7b9awTOijWc7esAjRcxv-yqbbIA=w138-h92-k-no,,11.9463005,108.44089009999999,3.9
restaurants,Primavera Italian Restaurant,54/7 Phan Đình Phùng Phường 1 Thành phố Đà Lạt Lâm Đồng Việt Nam,https://lh5.googleusercontent.com/p/AF1QipPKB4rC-kJXgkwYrxYLWSR14_eQ8Je0yQcAStRT=w138-h92-k-no,,11.9437904,108.434288,4.4
restaurants,Bánh mì chay cô Hoa,WCWM+7VM Phường 2 Thành phố Đà Lạt Lâm Đồng Việt Nam,https://lh5.googleusercontent.com/p/AF1QipOreZzyC2g_weFT7CHGf7pQUJwP6ztVMly8jgil=w80-h142-k-no,,11.945718099999999,108.4346594,4.8
restaurants,Le Petit Dalat Restaurant,Lô B2-1 Golf Valley Lâm Đồng 66109 Việt Nam,https://lh5.googleusercontent.com/p/AF1QipOj9UF-3gy3vNj6P9udVMRx0Zs2gRpZcsdMA5LI=w163-h92-k-no,,11.945829699999999,108.4405554,4.3
restaurants,MiMi Sushi & Pizza Restaurant,103 Đường Bùi Thị Xuân Phường 2 Thành phố Đà Lạt Lâm Đồng Việt Nam,https://lh5.googleusercontent.com/p/AF1QipNIE7ZMEyYTCgNR9sNbA2Q7TVGOXoQrbWF8wXth=w122-h92-k-no,,11.9464735,108.4401194,4.3
restaurants,Gourmet Burger,54/4 Phan Đình Phùng Phường 1 Thành phố Đà Lạt Lâm Đồng 650000 Việt Nam,https://lh5.googleusercontent.com/p/AF1QipNDtj0EUOYqwY3Wf1APMmNj1AZoPV8h92KwTOxN=w122-h92-k-no,,11.9435408,108.4344314,4.4
restaurants,Restaurant 09,15A Phan Chu Trinh Street Ward 9 Da Lat City Lam Dong Province Phường 9 Thành phố Đà Lạt Lâm Đồng Việt Nam,,,11.9501375,108.46510459999999,5
restaurants,Trang Pho Restaurant,138 Nguyễn Văn Trỗi Phường 2 Thành phố Đà Lạt Lâm Đồng Việt Nam,,,11.9487258,108.43807869999999,
restaurants,Restaurant Da Quy Nhà Hàng Dã Quỳ .Bò né - Bánh mì chảo Dã Quỳ,119 Đường Phan Đình Phùng Phường 1 Thành phố Đà Lạt Lâm Đồng Việt Nam,https://lh5.googleusercontent.com/p/AF1QipOC8LtSV5WavJFGJegwT9_CPpkeH8xUDgpCV2cO=w194-h92-k-no,,11.944850299999999,108.4343426,4.8
restaurants,BẾP 1985,hẻm 25 Đ. Trần Phú Phường 4 Thành phố Đà Lạt Lâm Đồng 670000 Việt Nam,https://lh5.googleusercontent.com/p/AF1QipPQaCFLy3JSLDhBIihLyD6tvBNbQlrIU8JifW9P=w80-h106-k-no,,11.9352331,108.4329863,3.8
restaurants,Chateau DALAT restaurant,2 Lê Đại Hành Phường 1 Thành phố Đà Lạt Lâm Đồng Việt Nam,https://lh5.googleusercontent.com/p/AF1QipNdU2GrWig450uTAXGJACR6btqF80f1zwaU6SN8=w163-h92-k-no,,11.9403679,108.43694409999999,3.8
restaurants,Nhà Hàng Chay Hoa Sen,62 Phan Đình Phùng Phường 1 Thành phố Đà Lạt Lâm Đồng Việt Nam,https://lh5.googleusercontent.com/p/AF1QipPNVo0UDs6FoL_kuDgrR5wPxz8EjRurHBbwmfE=w163-h92-k-no,,11.9444124,108.4340563,3.8
restaurants,Hẻm đến Hilly Garden Restaurant,WFM5+3Q7 Hẻm 11 Khe Sanh Phường 10 Thành phố Đà Lạt Lâm Đồng Việt Nam,https://lh5.googleusercontent.com/p/AF1QipOMF7FUfgFf13ALOmwfJbwAL6YxM5--JiqnvEsc=w138-h92-k-no,,11.932653499999999,108.4594369,5
restaurants,GÀ NƯỚNG CƠM LAM ĐÀ LẠT LỬA HỒNG,2 Trần Hưng Đạo Phường 3 Thành phố Đà Lạt Lâm Đồng Việt Nam,https://lh5.googleusercontent.com/p/AF1QipMETim1KcU6OBA5q-zZwDuNufNxqhU10QqxxofH=w80-h106-k-no,,11.936223,108.44131069999999,4.8
restaurants,Nhà Hàng Cơm Chay Hoa Sen 43 Nguyễn Văn Cừ,43 Đ. Nguyễn Văn Cừ Phường 1 Thành phố Đà Lạt Lâm Đồng Việt Nam,https://lh5.googleusercontent.com/p/AF1QipNSQthyC3z0UW9BO-9z4XqWJZn9Pv1CX0mWw90b=w80-h106-k-no,,11.9394809,108.4332944,3.9
restaurants,Nhà Hàng FORTUNE Đà Lạt,1B Quang Trung Phường 9 Thành phố Đà Lạt Lâm Đồng 650000 Việt Nam,https://lh5.googleusercontent.com/p/AF1QipPtG4XACqfLRFpDwWpRF5A5KcgjN20BXu3FT59Z=w122-h92-k-no,,11.943732599999999,108.45620079999999,4
restaurants,Sydney Cafe Dalat,38A Đ. Trần Phú Phường 4 Thành phố Đà Lạt Lâm Đồng 630000 Việt Nam,https://lh5.googleusercontent.com/p/AF1QipN6WUMe_q4WaFH9L4NWimKCbxjf-6u3_dUHRvv5=w122-h92-k-no,,11.936942799999999,108.4327362,3.9
restaurants,Momiji Restaurant,98 Đường Trương Công Định Phường 1 Thành phố Đà Lạt Lâm Đồng Việt Nam,https://lh5.googleusercontent.com/p/AF1QipO9_eaQgsLz-R6oCuk8WuALJ-i5Bioen_lo7PHf=w122-h92-k-no,,11.944736899999999,108.4350486,3.8
restaurants,BBQ Seafood T.N.T Restaurants Hotel,8A Đ. Thủ Khoa Huân Phường 1 Thành phố Đà Lạt Lâm Đồng Việt Nam,https://lh5.googleusercontent.com/p/AF1QipOoCdYqIkMuyyzqrrrZxXLdvFB_G6_5fJtOXfDg=w122-h92-k-no,,11.9413133,108.4334343,5
restaurants,Fatimah Restaurant HALAL,20 Nguyễn Du Phường 9 Thành phố Đà Lạt Lâm Đồng Việt Nam,https://lh5.googleusercontent.com/p/AF1QipPQkH592WpdVBbLf50fRtex4CUbLFckAY_1RedW=w122-h92-k-no,,11.9462756,108.46189079999999,4.1
restaurants,Quán ăn gia đình Giang Thảo,B1 Đường Đặng Thái Thân Phường 3 Thành phố Đà Lạt Lâm Đồng Việt Nam,https://lh5.googleusercontent.com/p/AF1QipM0gnsWInHyGqHQttfY6H8XPFBXAaNjZxlr_jKn=w80-h106-k-no,,11.9297811,108.4477478,4.7
restaurants,Le Rabelais,12 Ð 2 Đ. Trần Phú Phường 3 Thành phố Đà Lạt Lâm Đồng 66100 Việt Nam,https://lh5.googleusercontent.com/p/AF1QipOT-TWG_31Evm1tE66YEd91rcbE0vc2fUnz91J3=w80-h97-k-no,,11.937646299999999,108.4403548,2.9
restaurants,Lẩu nấm buffet rau Hana Mushroom Restaurant,99 Đường Bùi Thị Xuân Phường 2 Thành phố Đà Lạt Lâm Đồng 670000 Việt Nam,https://lh5.googleusercontent.com/p/AF1QipM40t62NZ5z0SZeW1peiXt6hAMhYECj9yhys56g=w122-h92-k-no,,11.9463964,108.4400805,4.5
restaurants,Rose De Vents Restaurant,238 Xô Viết Nghệ Tĩnh Phường 7 Thành phố Đà Lạt Lâm Đồng Việt Nam,https://lh5.googleusercontent.com/p/AF1QipM1U5uthK_b2y1U9L2S1MTSb_4W0su9In4uL_RU=w122-h92-k-no,,11.967318299999999,108.43159519999999,4.2
restaurants,Ganeya Restuarant - Nhà Hàng Nhật Bản,5 Đ. Đào Duy Từ Phường 3 Thành phố Đà Lạt Lâm Đồng Việt Nam,https://lh5.googleusercontent.com/p/AF1QipPRxY_OHBjWAbBUEke0MwjMOgk7v5RUwu542OKg=w122-h92-k-no,,11.9360664,108.4339261,4.3
restaurants,Go Gi Galbi Korean Restaurant,5 Đường Vạn Hạnh Phường 8 Thành phố Đà Lạt Lâm Đồng Việt Nam,https://lh5.googleusercontent.com/p/AF1QipM80XsU2Vqa15FUtuhNxJ7MQ8j0JspGcfLwOV3w=w122-h92-k-no,,11.9626025,108.4438016,4.6
restaurants,Nhà hàng Fujiya Sushi Đà Lạt,Lô 34 KQH Nguyễn Công Trứ Phan Đình Phùng Phường 2 Thành phố Đà Lạt Lâm Đồng Việt Nam,https://lh5.googleusercontent.com/p/AF1QipP-5ClrvxV6m_k_-obWDUBHPMCY1tCo4aH1Fo5e=w122-h92-k-no,,11.9550966,108.43303739999999,4.4
restaurants,nhu y Restaurant,135 Phan Đình Phùng Phường 2 Thành phố Đà Lạt Lâm Đồng Việt Nam,,,11.945583599999999,108.434629,
restaurants,Nhà hàng Dinh II,1 Đường Khởi Nghĩa Bắc Sơn Phường 10 Thành phố Đà Lạt Lâm Đồng Việt Nam,https://lh5.googleusercontent.com/p/AF1QipNDWM9mxUxX1ASfVM6EYW6dwGetBW1Qwu5FA7Oi=w122-h92-k-no,,11.9360232,108.4487697,3.7
restaurants,Meat Stew Restaurant,100 Nguyễn Công Trứ Phường 8 Thành phố Đà Lạt Lâm Đồng Việt Nam,,,11.9562628,108.4397754,
restaurants,Pizza Việt (Pizza nướng củi),22 Phan Chu Trinh Phường 9 Thành phố Đà Lạt Lâm Đồng Việt Nam,https://lh5.googleusercontent.com/p/AF1QipN8Msacdyx7uyld3oUZNj8r8hII8OCq3U_-yV-L=w122-h92-k-no,,11.9504112,108.46508299999999,4.7
restaurants,Co Hang Restaurant,3 Đường Nhà Chung Phường 3 Thành phố Đà Lạt Lâm Đồng Việt Nam,https://lh5.googleusercontent.com/p/AF1QipMCuhUILWt0lC8iYdi4BlM_rM2NdKqGYVewGpga=w122-h92-k-no,,11.936015399999999,108.43849759999999,4
restaurant,Artist Alley restaurant,124 Phan Đình Phùng Phường 2 Thành phố Đà Lạt Lâm Đồng Việt Nam,https://lh5.googleusercontent.com/p/AF1QipP8Gt7N3I8qBSSrIh2PoL1blicRUH-dDgplvIkv=w122-h92-k-no,,11.946594,108.43533219999999,4.4
restaurant,Le Petit Dalat Restaurant,Lô B2-1 Golf Valley Lâm Đồng 66109 Việt Nam,https://lh5.googleusercontent.com/p/AF1QipOj9UF-3gy3vNj6P9udVMRx0Zs2gRpZcsdMA5LI=w163-h92-k-no,,11.945829699999999,108.4405554,4.3
restaurant,Camellia Dalat Restaurant,B2-4 Golf Valley Ward 2 Lâm Đồng 670000 Việt Nam,https://lh5.googleusercontent.com/p/AF1QipMM3hyT4pUvB7b9awTOijWc7esAjRcxv-yqbbIA=w138-h92-k-no,,11.9463005,108.44089009999999,3.9
restaurant,EM ƠI. Đặc sản Hội An Đà Nẵng,1 Nguyễn Công Trứ Phường 8 Thành phố Đà Lạt Lâm Đồng 670000 Việt Nam,https://lh5.googleusercontent.com/p/AF1QipN6nrqA3jydX5X87LiG-OvEDLfwQSzbzSEMtV-R=w122-h92-k-no,,11.954773,108.44147799999999,4.4
restaurant,Hẻm 31 Sào Nam Phường 11 Thành phố Đà Lạt Lâm Đồng,City Alley 31 Sào Nam Phường 11 Ward 11 Lâm Đồng 66118 Việt Nam,https://lh5.googleusercontent.com/p/AF1QipNKjSQbCmJzQnmuSCwILD2iNXwWls31OeQ9v0SU=w122-h92-k-no,,11.9412275,108.4838511,4.4
restaurant,V Cafe,17 Đường Bùi Thị Xuân Phường 2 Thành phố Đà Lạt Lâm Đồng 670000 Việt Nam,https://lh5.googleusercontent.com/p/AF1QipPiO7fBtQ6C9-YKw0D-rSHPVszJuhfWQ2JfhgWy=w138-h92-k-no,,11.944297299999999,108.43984669999999,4.1
restaurant,Bánh mì chay cô Hoa,WCWM+7VM Phường 2 Thành phố Đà Lạt Lâm Đồng Việt Nam,https://lh5.googleusercontent.com/p/AF1QipM7OtbDRDPh0xCnzyDxTvKIaHPUL_ZYzstm8hHk=w189-h92-k-no,,11.945718099999999,108.4346594,4.8
restaurant,Trang Pho Restaurant,138 Nguyễn Văn Trỗi Phường 2 Thành phố Đà Lạt Lâm Đồng Việt Nam,,,11.9487258,108.43807869999999,
restaurant,Chef's Dalat,156 Đường Phạm Ngọc Thạch Phường 6 Thành phố Đà Lạt Lâm Đồng Việt Nam,https://lh5.googleusercontent.com/p/AF1QipNg9Et2ONF7zsPcypXXYNyR_AVouTTrj_wv_ZrA=w163-h92-k-no,,11.9477289,108.43205119999999,4.7
restaurant,Hill Hill Dalat Stay Restaurant & Coffee,132 Hoàng Hoa Thám Phường 10 Thành phố Đà Lạt Lâm Đồng Việt Nam,https://lh5.googleusercontent.com/p/AF1QipOhOeg867-7L_2GrP_ECHyIwwgT-kvHxVIUtyzS=w80-h106-k-no,,11.9291228,108.46456889999999,4.5
restaurant,Chateau DALAT restaurant,2 Lê Đại Hành Phường 1 Thành phố Đà Lạt Lâm Đồng Việt Nam,https://lh5.googleusercontent.com/p/AF1QipNdU2GrWig450uTAXGJACR6btqF80f1zwaU6SN8=w163-h92-k-no,,11.9403679,108.43694409999999,3.8
restaurant,Lam An Quảng Vị - Vietnamese restaurant central taste,44 Đường Nguyễn Lương Bằng Phường 2 Thành phố Đà Lạt Lâm Đồng 66000 Việt Nam,https://lh5.googleusercontent.com/p/AF1QipNshtqI-nha0hIUxBLCezI81XNAji5GEs99diBe=w122-h92-k-no,,11.9528248,108.43635909999999,4.9
restaurant,Gourmet Burger,54/4 Phan Đình Phùng Phường 1 Thành phố Đà Lạt Lâm Đồng 650000 Việt Nam,https://lh5.googleusercontent.com/p/AF1QipOsbyTyoQpqgO4H9OIJNE8uCbnFqr5o4RW7H16q=w80-h106-k-no,,11.9435408,108.4344314,4.4
restaurant,Nhà hàng Em Tên Gì,180 Nguyễn Công Trứ Phường 8 Thành phố Đà Lạt Lâm Đồng 670000 Việt Nam,https://lh5.googleusercontent.com/p/AF1QipOeqSdtomiFVKq-96sDt3f0SpIlxUD1iEGnm3DU=w80-h106-k-no,,11.957220699999999,108.436658,4.6
restaurant,Halal Restaurant Kampung Melayu,27/6 Yersin Phường 10 Thành phố Đà Lạt Lâm Đồng Việt Nam,https://lh5.googleusercontent.com/p/AF1QipO710C2Lus6u9NjSKUKbn9mjzEhNjApR_DDjXv7=w122-h92-k-no,,11.9433945,108.4514018,4.9
restaurant,Hẻm đến Hilly Garden Restaurant,WFM5+3Q7 Hẻm 11 Khe Sanh Phường 10 Thành phố Đà Lạt Lâm Đồng Việt Nam,https://lh5.googleusercontent.com/p/AF1QipOMF7FUfgFf13ALOmwfJbwAL6YxM5--JiqnvEsc=w138-h92-k-no,,11.932653499999999,108.4594369,5
restaurant,Primavera Italian Restaurant,54/7 Phan Đình Phùng Phường 1 Thành phố Đà Lạt Lâm Đồng Việt Nam,https://lh5.googleusercontent.com/p/AF1QipPKB4rC-kJXgkwYrxYLWSR14_eQ8Je0yQcAStRT=w138-h92-k-no,,11.9437904,108.434288,4.4
restaurant,Le Alpi - Da Lat,87 Đường An Dương Vương Phường 2 Thành phố Đà Lạt Lâm Đồng 671656 Việt Nam,https://lh5.googleusercontent.com/p/AF1QipO3ovl0YkkpOpmHHAJK62jncC_4gy22COxlCYPa=w80-h106-k-no,,11.9547381,108.43563429999999,4.8
restaurant,Mì Ý Là Pasta,21/2/5 Đ. Trần Phú Phường 3 Thành phố Đà Lạt Lâm Đồng 67000 Việt Nam,https://lh5.googleusercontent.com/p/AF1QipNJvKLMFW2pJoWLRhqyfUhUaPnMfOFguJqt2FJ7=w122-h92-k-no,,11.9359056,108.4355095,4.5
restaurant,TIK family restaurant,A32 Nguyễn Hữu Cảnh Phường 8 Thành phố Đà Lạt Lâm Đồng Việt Nam,https://lh5.googleusercontent.com/p/AF1QipMtE5McwrevKcbcKDocNFB00eKI3Hntm-VvbzM=w80-h106-k-no,,11.9679465,108.4425421,5
restaurant,BẾP 1985,hẻm 25 Đ. Trần Phú Phường 4 Thành phố Đà Lạt Lâm Đồng 670000 Việt Nam,https://lh5.googleusercontent.com/p/AF1QipPQaCFLy3JSLDhBIihLyD6tvBNbQlrIU8JifW9P=w80-h106-k-no,,11.9352331,108.4329863,3.8
restaurant,Rose De Vents Restaurant,238 Xô Viết Nghệ Tĩnh Phường 7 Thành phố Đà Lạt Lâm Đồng Việt Nam,https://lh5.googleusercontent.com/p/AF1QipM1U5uthK_b2y1U9L2S1MTSb_4W0su9In4uL_RU=w122-h92-k-no,,11.967318299999999,108.43159519999999,4.2
restaurant,MiMi Sushi & Pizza Restaurant,103 Đường Bùi Thị Xuân Phường 2 Thành phố Đà Lạt Lâm Đồng Việt Nam,https://lh5.googleusercontent.com/p/AF1QipNIE7ZMEyYTCgNR9sNbA2Q7TVGOXoQrbWF8wXth=w122-h92-k-no,,11.9464735,108.4401194,4.3
restaurant,QUAN TRANG - Vietnamese restaurant,14 Đường Trương Công Định Phường 1 Thành phố Đà Lạt Lâm Đồng Việt Nam,,,11.9435256,108.43528219999999,
restaurant,Thai Son Restaurant,54 Phu Dong Thien Vuong Street Ward 8 Da Lat City Lam Dong Province Phường 8 Thành phố Đà Lạt Lâm Đồng Việt Nam,https://lh5.googleusercontent.com/p/AF1QipMFegXos59SbXqp9sfmOnlrdtnZbQ7-Mp-iBlnu=w92-h92-k-no,,11.963510999999999,108.4435503,3
restaurant,Quán Lộc Phát,10 Phan Chu Trinh Phường 9 Thành phố Đà Lạt Lâm Đồng Việt Nam,https://lh5.googleusercontent.com/p/AF1QipNvJKWYG28setfbzDOHlZtaRs4sW2vcenitpsW-=w122-h92-k-no,,11.9509251,108.4649992,4.2
restaurant,Momiji Restaurant,98 Đường Trương Công Định Phường 1 Thành phố Đà Lạt Lâm Đồng Việt Nam,https://lh5.googleusercontent.com/p/AF1QipO9_eaQgsLz-R6oCuk8WuALJ-i5Bioen_lo7PHf=w122-h92-k-no,,11.944736899999999,108.4350486,3.8
restaurant,nhu y Restaurant,135 Phan Đình Phùng Phường 2 Thành phố Đà Lạt Lâm Đồng Việt Nam,,,11.945583599999999,108.434629,
restaurant,Restaurant 168,Khu Chi Lăng Lâm Hà Lâm Đồng 670000 Việt Nam,https://lh5.googleusercontent.com/p/AF1QipMhs-KsoaJDsh1iPrBws_Qk5BD4xVblPU4ArIQ9=w138-h92-k-no,,11.9545792,108.431187,
restaurant,Sensetory Restaurant & Event,94 Đường Lý Tự Trọng Phường 2 Thành phố Đà Lạt Lâm Đồng 670000 Việt Nam,https://lh5.googleusercontent.com/p/AF1QipMlv52UysVJ8GfQ41Fcin8bBGXjw8eCh5EFmunV=w138-h92-k-no,,11.946378099999999,108.4394107,1
restaurant,Nhi Restaurant,34 Đ. Nguyễn Chí Thanh Phường 1 Thành phố Đà Lạt Lâm Đồng Việt Nam,,,11.9410878,108.4364212,2
restaurant,Nhà Hàng Phố Núi,46 Đ. Nguy��n Chí Thanh Phường 1 Thành phố Đà Lạt Lâm Đồng 670000 Việt Nam,https://lh5.googleusercontent.com/p/AF1QipPECxoh3z8bFdW7kJQHecAjydIDcTaIrBxAXT6L=w138-h92-k-no,,11.9403145,108.4363762,3.8
restaurant,HTV Đà Lạt Restaurant,91 Đ. Hùng Vương Phường 11 Thành phố Đà Lạt Lâm Đồng Việt Nam,,,11.9427377,108.47739729999999,5
restaurant,Co Hang Restaurant,3 Đường Nhà Chung Phường 3 Thành ph�� Đà Lạt Lâm Đồng Việt Nam,https://lh5.googleusercontent.com/p/AF1QipMCuhUILWt0lC8iYdi4BlM_rM2NdKqGYVewGpga=w122-h92-k-no,,11.936015399999999,108.43849759999999,4
restaurant,Nhà Hàng Chay Hoa Sen,62 Phan Đình Phùng Phường 1 Thành phố Đà Lạt Lâm Đồng Việt Nam,https://lh5.googleusercontent.com/p/AF1QipPQXeTdfEXK4rfe_QvT_4gV5ptYEdlcC8dpT4ey=w122-h92-k-no,,11.9444124,108.4340563,3.8
restaurant,BBQ Seafood T.N.T Restaurants Hotel,8A Đ. Thủ Khoa Huân Phường 1 Thành phố Đà Lạt Lâm Đồng Việt Nam,https://lh5.googleusercontent.com/p/AF1QipOoCdYqIkMuyyzqrrrZxXLdvFB_G6_5fJtOXfDg=w122-h92-k-no,,11.9413133,108.4334343,5
restaurant,GÀ NƯỚNG CƠM LAM ĐÀ LẠT LỬA HỒNG,2 Trần Hưng Đạo Phường 3 Thành phố Đà Lạt Lâm Đồng Việt Nam,https://lh5.googleusercontent.com/p/AF1QipMks76bdEFqlGi2NHjR4TT6eMM0ECUZhwOPNJMP=w122-h92-k-no,,11.936223,108.44131069999999,4.8
restaurant,Nhà hàng Down Under Đà Lạt,55 Ba Tháng Hai Phường 1 Ward 1 Lâm Đồng 670000 Việt Nam,https://lh5.googleusercontent.com/p/AF1QipNmDmtIpB_n1vx4bP4RlESgiXZwFG0ZFjiH5bD2=w163-h92-k-no,,11.9423552,108.43433119999999,4.6
restaurant,SHREE GANESHA INDIAN RESTAURANT,96 Đ. Cổ Loa Phường 2 Thành phố Đà Lạt Lâm Đồng 670000 Việt Nam,https://lh5.googleusercontent.com/p/AF1QipO89eZorJNN2KJVI-OVIzATGv0Ikt2hCAaj4I9l=w80-h106-k-no,,11.9534796,108.4342181,4.8
restaurant,Nhà Hàng FORTUNE Đà Lạt,1B Quang Trung Phường 9 Thành phố Đà Lạt Lâm Đồng 650000 Việt Nam,https://lh5.googleusercontent.com/p/AF1QipPtG4XACqfLRFpDwWpRF5A5KcgjN20BXu3FT59Z=w122-h92-k-no,,11.943732599999999,108.45620079999999,4
restaurant,Nhà hàng Sương Mai,8 Trần Hưng Đạo Phường 3 Thành phố Đà Lạt Lâm Đồng Việt Nam,https://lh5.googleusercontent.com/p/AF1QipMZIy-ndkvELfRbzdkAJVLaDa1BBWDCj_Ra_HTK=w122-h92-k-no,Khách sạn đơn giản có vườn. Phòng ở và phòng ký túc tiện nghi trong khách sạn đơn giản nhìn ra vườn có nhà hàng và chỗ đỗ xe miễn phí.,11.9362733,108.44472309999999,4.2
restaurant,Nhà Hàng Cơm Chay Hoa Sen 43 Nguyễn Văn Cừ,43 Đ. Nguyễn Văn Cừ Phường 1 Thành phố Đà Lạt Lâm Đồng Việt Nam,https://lh5.googleusercontent.com/p/AF1QipNSQthyC3z0UW9BO-9z4XqWJZn9Pv1CX0mWw90b=w80-h106-k-no,,11.9394809,108.4332944,3.9
restaurant,Nhà hàng Dinh II,1 Đường Khởi Nghĩa Bắc Sơn Phường 10 Thành phố Đà Lạt Lâm Đồng Việt Nam,https://lh5.googleusercontent.com/p/AF1QipNDWM9mxUxX1ASfVM6EYW6dwGetBW1Qwu5FA7Oi=w122-h92-k-no,,11.9360232,108.4487697,3.7
restaurant,Fatimah Restaurant HALAL,20 Nguyễn Du Phường 9 Thành phố Đà Lạt Lâm Đồng Việt Nam,https://lh5.googleusercontent.com/p/AF1QipPQkH592WpdVBbLf50fRtex4CUbLFckAY_1RedW=w122-h92-k-no,,11.9462756,108.46189079999999,4.1
restaurant,Sydney Cafe Dalat,38A Đ. Trần Phú Phường 4 Thành phố Đà Lạt Lâm Đồng 630000 Việt Nam,https://lh5.googleusercontent.com/p/AF1QipN6WUMe_q4WaFH9L4NWimKCbxjf-6u3_dUHRvv5=w122-h92-k-no,,11.936942799999999,108.4327362,3.9
restaurant,TIỆM CHAY VÔ ÚY,234 Đường Hai Bà Trưng Phường 6 Thành phố Đà Lạt Lâm Đồng Việt Nam,https://lh5.googleusercontent.com/p/AF1QipNa4aLygQKQvY7biVSA7XY0kOOoLKCpOP0bT-5g=w137-h92-k-no,,11.9482585,108.43383229999999,5
restaurant,Vegan House,49/6 Đ. Phạm Hồng Thái Phường 10 Thành phố Đà Lạt Lâm Đồng Việt Nam,https://lh5.googleusercontent.com/p/AF1QipNYyUoYNnGOq5Bwwi9jmFQSCQqyeLz0hkV3TYc1=w122-h92-k-no,,11.942282599999999,108.45939469999999,4.7
restaurant,HTV Đà Lạt Restaurant & Beer Club,91 Đ. Hùng Vương Phường 11 Thành phố Đà Lạt Lâm Đồng 670000 Việt Nam,https://lh5.googleusercontent.com/p/AF1QipM4qJd7H5tm_mmjcIxUqtnRm8CF-JPgVLwyd-iD=w80-h106-k-no,,11.9427377,108.47739729999999,
restaurant,TTR Bistro Coffee & Restaurant,4B Hải Thượng Phường 6 Thành phố Đà Lạt Lâm Đồng 670000 Việt Nam,https://lh5.googleusercontent.com/p/AF1QipMz8InJSUF_iA9mK6GVNtRLFQ2Oy6CGWiIO5-4z=w138-h92-k-no,,11.9422246,108.4315251,5
restaurant,Hau Restaurant,126/1 Hai Ba Trung Street Ward 6 Phường 6 Thành phố Đà Lạt Lâm Đồng Việt Nam,https://lh5.googleusercontent.com/p/AF1QipOLIWWZFAgZ0K6K-6cbIaHPArwYT-dw9JldKM-8=w92-h92-k-no,,11.9540841,108.4307348,4
restaurant,Quán ăn gia đình Giang Thảo,B1 Đường Đặng Thái Thân Phường 3 Thành phố Đà Lạt Lâm Đồng Việt Nam,https://lh5.googleusercontent.com/p/AF1QipPX6ANCzWU9GXvmuZhSjTNpSgqEw-GSXUTVrK3z=w122-h92-k-no,,11.9297811,108.4477478,4.7
restaurant,Ganeya Restuarant - Nhà Hàng Nhật Bản,5 Đ. Đào Duy Từ Phường 3 Thành phố Đà Lạt Lâm Đồng Việt Nam,https://lh5.googleusercontent.com/p/AF1QipN37lbypfpZ1Ch4ZWiwZsnbobJhi0_A54jYiu9g=w80-h106-k-no,,11.9360664,108.4339261,4.3
restaurant,Chay Dalat,49/6 Đ. Phạm Hồng Thái Phường 10 Thành phố Đà Lạt Lâm Đồng 66117 Việt Nam,https://lh5.googleusercontent.com/p/AF1QipPAlsYJn9KazSWZTd---JOJgZIKuz9ev-vOBjA=w163-h92-k-no,,11.9423325,108.45938609999999,4.7
restaurant,Lẩu nấm buffet rau Hana Mushroom Restaurant,99 Đường Bùi Thị Xuân Phường 2 Thành phố Đà Lạt Lâm Đồng 670000 Việt Nam,https://lh5.googleusercontent.com/p/AF1QipM40t62NZ5z0SZeW1peiXt6hAMhYECj9yhys56g=w122-h92-k-no,,11.9463964,108.4400805,4.5
restaurant,Tiệm Ăn Thành Đạt,12 Đường Tăng Bạt Hổ Phường 1 Thành phố Đà Lạt Lâm Đồng 66110 Việt Nam,,,11.9440511,108.4354707,
restaurant,Go Gi Galbi Korean Restaurant,5 Đường Vạn Hạnh Phường 8 Thành phố Đà Lạt Lâm Đồng Vi���t Nam,https://lh5.googleusercontent.com/p/AF1QipM80XsU2Vqa15FUtuhNxJ7MQ8j0JspGcfLwOV3w=w122-h92-k-no,,11.9626025,108.4438016,4.6
restaurant,Nhà hàng Long Nga,WFX5+HR3 Hẻm 11BCô Giang Phường 9 Thành phố Đà Lạt Lâm Đồng Việt Nam,https://lh5.googleusercontent.com/p/AF1QipMMI8wigwD8doAWwS6x2gPJVHpNqNogoUFSAspp=w163-h92-k-no,,11.9488793,108.4595509,3.7
restaurant,The Orchid Coffee and Restaurant,120 Đường Tô Hiến Thành Phường 3 Thành phố Đà Lạt Lâm Đồng Việt Nam,https://lh5.googleusercontent.com/p/AF1QipOb9BZRgVfCavkfn7Srhv1-ZN3O3klk_jWfUu0Y=w92-h92-k-no,,11.929679499999999,108.4433229,5
restaurant,Quán Lẩu Bò + Rắn,96 Nguyễn Công Trứ Phường 8 Thành phố Đà Lạt Lâm Đồng Việt Nam,https://lh5.googleusercontent.com/p/AF1QipNTm9B4RfZw0116vEOozVSMuAByDDYAGC6mOPgU=w122-h92-k-no,,11.956803599999999,108.43848419999999,4
restaurant,Cơm Tấm Sà Bì Chưởng - Đà Lạt,1F Nam Kỳ Khởi Nghĩa Phường 1 Thành phố Đà Lạt Lâm Đồng 66000 Việt Nam,https://lh5.googleusercontent.com/p/AF1QipOZbbS3CR6cqJ8y1KFtvyHjV2xiI5qhZvYPHxXd=w122-h92-k-no,,11.9423935,108.4356758,4.1
restaurant,Nha Trang Roasted Duck Restaurant,44 Hung Vuong Street Ward 9 Da Lat City Lam Dong Province Phường 9 Thành phố Đà Lạt Lâm Đồng Việt Nam,https://lh5.googleusercontent.com/p/AF1QipNWg5H4657ugwcrdjZJfQLLGGQhWwQ5tMfzaumI=w80-h141-k-no,,11.948118299999999,108.4663824,5
restaurant,Nhà hàng Fujiya Sushi Đà Lạt,Lô 34 KQH Nguyễn Công Trứ Phan Đình Phùng Phường 2 Thành phố Đà Lạt Lâm Đồng Việt Nam,https://lh5.googleusercontent.com/p/AF1QipP-5ClrvxV6m_k_-obWDUBHPMCY1tCo4aH1Fo5e=w122-h92-k-no,,11.9550966,108.43303739999999,4.4
restaurant,Nhà hàng Golf 3,4 Đường Nguyễn Thị Minh Khai Phường 1 Thành phố Đà Lạt Lâm Đồng Việt Nam,https://lh5.googleusercontent.com/p/AF1QipMoLysP-c8wd2_4WzWOU2ik-sicd4ZkeDHpqIo=w122-h92-k-no,,11.941872499999999,108.4374984,4
restaurant,Ut Nga Restaurant,18 Đ. Nguyễn Đình Chiểu Phường 9 Thành phố Đà Lạt Lâm Đồng Việt Nam,https://lh5.googleusercontent.com/p/AF1QipMFRkK9GSOdXSNXsSSgBSCRg3LFkeyxEQFex4H6=w92-h92-k-no,,11.9506272,108.4578655,2.5
restaurant,Quán Lệ Dung,5 Hồ Xuân Hương Phường 9 Thành phố Đà Lạt Lâm Đồng Việt Nam,https://lh5.googleusercontent.com/p/AF1QipNa_rreYeg8hhuJB5gkPj0vvR1xmoZdwFRGYv9m=w163-h92-k-no,,11.954137399999999,108.4705946,3.9
restaurant,Liên Hoa Bakery,19 Ba Tháng Hai Phường 1 Thành phố Đà Lạt Lâm Đồng Việt Nam,https://lh5.googleusercontent.com/p/AF1QipMzzgogxP39t6tjFlAQFm8DZDUk39f5RWoGWlNF=w122-h92-k-no,,11.9427415,108.4351179,4
restaurant,Nhà hàng hấp thuỷ nhiệt TORII,114 Đường Tô Hiến Thành Phường 3 Thành phố Đà Lạt Lâm Đồng Việt Nam,https://lh5.googleusercontent.com/p/AF1QipPiuohSxuyhNwiEGKpUtAStAXpmfy3pCOGMH8iQ=w122-h92-k-no,,11.9299094,108.4429892,4.4
restaurant,Orchid Restaurant,Phường 4 Tp. Đà Lạt Lâm Đồng Việt Nam,,,11.939150699999999,108.42973719999999,
restaurant,Hoang Hai 2 Restaurant,12A Đường Bà Triệu Phường 1 Thành phố Đà Lạt Lâm Đồng Việt Nam,https://lh5.googleusercontent.com/p/AF1QipN12ohDdtm0TpFZFY8Ei1F0UDRsU-_YpUxXLXxd=w80-h106-k-no,,11.938704,108.43419089999999,4.4
restaurant,Pizza Việt (Pizza nướng củi),22 Phan Chu Trinh Phường 9 Thành phố Đà Lạt Lâm Đồng Việt Nam,https://lh5.googleusercontent.com/p/AF1QipOc_zFnaJPVipOB0id7PL7jOQLAyHuWF6YZLBSJ=w122-h92-k-no,,11.9504112,108.46508299999999,4.7
restaurant,Green Bean - Buffet Restaurant,225 Đường Nguyên Tử Lực Phường 8 Thành phố Đà Lạt Lâm Đồng 670000 Việt Nam,https://lh5.googleusercontent.com/p/AF1QipMUAiH6LaR-deJu0bqgsjJsAShLSFnIF4JI7PjY=w138-h92-k-no,,11.9729113,108.4521752,3.6
restaurant,Tiệm Bánh Căn Bên Đồi,3 Hẻm Đống Đa Phường 3 Thành phố Đà Lạt Lâm Đồng Việt Nam,https://lh5.googleusercontent.com/p/AF1QipPAIrZKyTzYsRHQNDcRkjcebgGC4PqCvThE1VdB=w122-h92-k-no,,11.9233985,108.4446059,4.5
restaurant,Vegetarian Restaurant,97c Nguyễn Văn Trỗi Phường 2 Thành phố Đà Lạt Lâm Đồng Việt Nam,https://lh5.googleusercontent.com/p/AF1QipOOrhjQ3MdNBsj1TaPa94lzP_2Vckw0SYfChh6V=w80-h106-k-no,,11.9492122,108.43779649999999,4.1
restaurant,Nhà hàng Thank You,Việt Nam Lâm Đồng Thành phố Đà Lạt Nguyễn Thị Nghĩa VN H49 KQH,https://lh5.googleusercontent.com/p/AF1QipMy2rU42u19chPfcwRyPSICC2SR0ZFYSTUa0aOC=w138-h92-k-no,,11.9483494,108.44085679999999,4.3
restaurant,Fungi Chingu,29 Đường Võ Thị Sáu Phường 2 Thành phố Đà Lạt Lâm Đồng 66109 Việt Nam,https://lh5.googleusercontent.com/p/AF1QipOg0VHDFQLC5F6sEjHJySh5XTsVbPultA7PdFo=w92-h92-k-no,,11.949542899999999,108.4385743,4.6
restaurant,Nhà Hàng Đà Lạt Xưa,96B Đ. Hùng Vương Phường 11 Thành phố Đà Lạt Lâm Đồng 670000 Việt Nam,https://lh5.googleusercontent.com/p/AF1QipNkYdjrLtVlLTwE8n-SB1T4_uDO5SfZ2mnvK_U8=w122-h92-k-no,,11.9475678,108.47459889999999,4
restaurant,Quán cafe nhạc Trịnh Acoustic Memory Đà Lạt - Memory acoustic Dalat coffee,24 Đ. Hùng Vương Phường 10 Thành phố Đà Lạt Lâm Đồng 670000 Việt Nam,https://lh5.googleusercontent.com/p/AF1QipPnP0i5aC3ubH1D8fBv3h61sb-olGS3kVCHsCei=w122-h92-k-no,Ba biệt thự giản dị và một quán cà phê. Ba căn biệt thự giản dị có TV màn hình phẳng quạt và một quán cà phê ấm cúng.,11.9452137,108.4642983,4.1
restaurant,Bánh mì Kebab Torki - Phan Chu Trinh,87 Phan Chu Trinh Phường 9 Thành phố Đà Lạt Lâm Đồng Việt Nam,https://lh5.googleusercontent.com/p/AF1QipNhlBKgAV4IG5tUVWPjhPCEcO_VwS3mq36p5QJM=w80-h106-k-no,,11.952205,108.4663106,4.4
restaurant,HẦM RƯỢU VANG ĐÀ LẠT,77c Đ. Hùng Vương Phường 11 Thành phố Đà Lạt Lâm Đồng 630000 Việt Nam,https://lh5.googleusercontent.com/p/AF1QipOQA4eZC6g__YMcn8t2Amkx6hIotXIQQhnRlPuH=w122-h92-k-no,,11.948586599999999,108.47450479999999,4.1
restaurant,Hương Trà. Bia Tươi Sài Gòn,42 Hồ Xuân Hương Phường 9 Thành phố Đà Lạt Lâm Đồng Việt Nam,https://lh5.googleusercontent.com/p/AF1QipMQbTjlVGtVlH8U4peNOBbLqBg-ljkUd7L-kvg=w80-h106-k-no,,11.952128199999999,108.4747421,3.7
restaurant,HoLoKy- Nướng lẩu Đà Lạt,70/1 Đoàn Thị Điểm Phường 4 Thành phố Đà Lạt Lâm Đồng Việt Nam,https://lh5.googleusercontent.com/p/AF1QipMDt-r6dzQlHRm6wAcFk903SXmbdnZVmaEZhA-7=w122-h92-k-no,,11.938944099999999,108.4319498,5
restaurant,Nhà hàng - Coffee Mặt Hồ,7 Đ. Trần Quốc Toản Phường 1 Thành phố Đà Lạt Lâm Đồng Việt Nam,https://lh5.googleusercontent.com/p/AF1QipMfGWs7o_l8fUaByDuRh2b9x7X3u3phBwhmbQdf=w80-h106-k-no,,11.9421764,108.4391177,1
restaurant,Bánh mì xíu mại Huyền,37 Đ. Nguyễn Văn Cừ Phường 1 Thành phố Đà Lạt Lâm Đồng Việt Nam,,,11.939596,108.4331466,
restaurant,Vườn bia đà lạt,khu quy hoạch/114 Phan Đình Phùng Phường 2 Thành phố Đà Lạt Lâm Đồng Việt Nam,https://lh5.googleusercontent.com/p/AF1QipNexY9YxOlSByKBcCwfR9DPpN8lEZ_xugspKBUq=w80-h96-k-no,,11.9490982,108.43406089999999,5
restaurant,1 Nhà Cafe,38/25 Đ. Trần Phú Phường 4 Thành phố Đà Lạt Lâm Đồng 670000 Việt Nam,https://lh5.googleusercontent.com/p/AF1QipP8h-YF-FG3C-iyDZJqKAMwCJ9BVkej8GdpUUnF=w122-h92-k-no,,11.9379975,108.43197149999999,4.8
restaurant,Hawaiian Poke,7P3CWCRM+M9 102 Bai Thang HaiP1 2nd Floor Tp. Đà Lạt Lâm Đồng 670000 Việt Nam,https://lh5.googleusercontent.com/p/AF1QipOfMehn-DhapceuUeHEDwGzvICoRdNbrvr65wSa=w122-h92-k-no,,11.941687499999999,108.4334375,4.9
restaurant,DALAT EDEN cafe & restaurant,Hẻm 195 Phan Đình Phùng Phường 2 Thành phố Đà Lạt Lâm Đồng Việt Nam,https://lh5.googleusercontent.com/p/AF1QipPU9V58MD6-FnnRaYaI7J2ekP71lDpUmIP1iINg=w80-h142-k-no,,11.9468488,108.43505859999999,4.9
restaurant,Restaurant 71A,71A Ba Thang Hai Street Ward 4 Phường 1 Thành phố Đà Lạt Lâm Đồng Việt Nam,https://lh5.googleusercontent.com/p/AF1QipOpOLAG0gpzxoZ4-n-AaBms_Eaa7eyT4FBiYZcH=w80-h106-k-no,,11.9409906,108.4312472,
restaurant,Cafe - Restaurant Family,16 Đường Khởi Nghĩa Bắc Sơn Phường 10 Thành phố Đà Lạt Lâm Đồng Việt Nam,,,11.9362549,108.451191,
restaurant,Dong A Restaurant (Nhà Hàng Đông Á),82 Phan Dinh Phung Street Dalat City (82 Phan Đình Phùng T.P Đà Lạt) Phường 2 Thành phố Đà Lạt Lâm Đồng Việt Nam,,,11.9505994,108.43415739999999,3.7
restaurant,Restaurant No. 60,60 Bui Thi Xuan Street Ward 2 Phường 2 Thành phố Đà Lạt Lâm Đồng Việt Nam,https://lh5.googleusercontent.com/p/AF1QipOlevoEB1ZvCBb6jGMbMc74JHdq28HOq83kCOEe=w92-h92-k-no,,11.9536328,108.4410024,
restaurant,Restaurant 18,6/1 Hai Thuong Street Ward 6 Da Lat City Lam Dong Province Phường 6 Thành phố Đà Lạt Lâm Đồng Việt Nam,,,11.9421404,108.4312434,3
restaurant,Trang Restaurant,1 Bui Thi Xuan Street Ward 2 Phường 2 Thành phố Đà Lạt Lâm Đồng Việt Nam,,,11.9443197,108.43991799999999,
restaurant,Bay Nhan Restaurant,18/2 Hai Ba Trung Street Ward 6 Phường 6 Thành phố Đà Lạt Lâm Đồng Việt Nam,https://lh5.googleusercontent.com/p/AF1QipPvM0VurtyBVYIYkc1QT9s0cqg4PUhpDkY4LFY0=w80-h106-k-no,,11.9439551,108.43319179999999,3
restaurant,COLLOSSEUM Restaurant,247 Đường Phù Đổng Thiên Vương Phường 8 Thành phố Đà Lạt Lâm Đồng Việt Nam,https://lh5.googleusercontent.com/p/AF1QipPfKCyw1hXhqfDg3TEIudQWIDTmwRIb5WuLUYVA=w122-h92-k-no,,11.971431599999999,108.44085729999999,4.4
restaurant,Nga Restaurant,63 Nam Kỳ Khởi Nghĩa Phường 1 Thành phố Đà Lạt Lâm Đồng Việt Nam,,,11.9404252,108.43487379999999,
restaurant,Ngoc Lien Restaurant,1E2 Đường Hà Huy Tập Phường 3 Thành phố Đà Lạt Lâm Đồng Việt Nam,,,11.935851699999999,108.4410882,
restaurant,Nhà Hàng Ty - Món Huế,218 Phan Đình Phùng Phường 2 Thành phố Đà Lạt Lâm Đồng Việt Nam,https://lh5.googleusercontent.com/p/AF1QipM4SGd5jJj3elmK7YqrGQso8ZaG9UGN1EyiCgRD=w80-h106-k-no,,11.949721799999999,108.43525,4.8
restaurant,Thu Ha Restaurant,1 Nam Kỳ Khởi Nghĩa Phường 1 Thành phố Đà Lạt Lâm Đồng Việt Nam,,,11.942412899999999,108.4357182,
restaurant,Restaurant 279,37 Hung Vuong Street Ward 10 Da Lat City Lam Dong Province Phường 9 Thành phố Đà Lạt Lâm Đồng Việt Nam,,,11.947808799999999,108.46552299999999,5
restaurant,Hong Diep Restaurant,4 Hải Thượng Phường 6 Thành phố Đà Lạt Lâm Đồng Việt Nam,,,11.9417238,108.43189699999999,
restaurant,Bella Cellar,25 Đ. Trần Phú Phường 1 Thành phố Đà Lạt Lâm Đồng 670000 Việt Nam,https://lh5.googleusercontent.com/p/AF1QipMxv6tCZlUZD5xGCzmQuEOD_LqnPGpLJMA8oGjH=w163-h92-k-no,,11.9381074,108.43193099999999,4.2
restaurant,Huong Viet Cream Cafe & Restaurant,5 Nguyen Chi Thanh Street Phường 1 Thành phố Đà Lạt Lâm Đồng Việt Nam,,,11.941929799999999,108.43603429999999,4
restaurant,Chung Hong 3 Restaurant,15A Nguyen Dinh Chieu Street Ward 9 Phường 9 Thành phố Đà Lạt Lâm Đồng Việt Nam,,,11.950552199999999,108.45963289999999,
restaurant,Ha Restaurant,1/9 Mac Dinh Chi Street Ward 4 Da Lat City Lam Dong Province Phường 5 Thành phố Đà Lạt Lâm Đồng Việt Nam,https://lh5.googleusercontent.com/p/AF1QipNqC1H58JGtuWB2mHQmx23JrEJbx1L0hyOn4fM=w92-h92-k-no,,11.940167299999999,108.42591209999999,
restaurant,Ngoc Thuy Restaurant,9 Đường Trần Lê Street Thành phố Đà Lạt Lâm Đồng Việt Nam,,,11.9375207,108.4273231,5
restaurant,Prescott's Provisions,40 E Niagara St Tonawanda NY 14150,https://lh5.googleusercontent.com/p/AF1QipPrcE7d7PPdiN5thFgYWyH7Sb_-svRm-nyB11e3=w197-h92-k-no,,43.0211938,-78.8744067,4.5
restaurant,Nosh Kitchen & Cocktails,470 Wheeler Rd Hauppauge NY 11788,https://lh5.googleusercontent.com/p/AF1QipOv8CoBXbDnTSGSUkGadogw6Repa32iI1m_FgoT=w128-h92-k-no,,40.8133116,-73.2186273,4.7
restaurant,The Dockside Bar & Grill,153 Sweeney St North Tonawanda NY 14120,https://lh5.googleusercontent.com/p/AF1QipNb3U4NToHDB3PnfZXjNKP5wmFKhOMSS3Lknv2J=w122-h92-k-no,,43.022282499999996,-78.87462579999999,4.3
restaurant,Jenn's southern kitchen,2213 N Old Hwy 90 Vinton LA 70668,https://lh5.googleusercontent.com/p/AF1QipMSFck_aeEJpHxNYPD5azFCMOg_-pAKqeqBtB0f=w122-h92-k-no,,30.151187999999998,-93.639726,4.4
restaurant,The Harrison,86 S Tyson Ave Floral Park NY 11001,https://lh5.googleusercontent.com/p/AF1QipOIXsdsVk_IvydAlOJHJLUo5ZeTUahvwGRZh-kl=w138-h92-k-no,,40.7255454,-73.7042259,4.5
restaurant,Crabtree's Restaurant,226 Jericho Turnpike Floral Park NY 11001,https://lh5.googleusercontent.com/p/AF1QipNnb-mcpd8Wcv-MU1jlg-_vZeOCIIG2TyW-y2f3=w122-h92-k-no,,40.728671299999995,-73.7024686,4.6
restaurant,Ebenezer Ale House,4348 Seneca St West Seneca NY 14224,https://lh5.googleusercontent.com/p/AF1QipMWSX8ZyjrR1GptLfHlfTveHHqbXvZZRY7Ca_o8=w137-h92-k-no,,42.8325762,-78.74242029999999,4.3
